STATION,NAME,DATE,TAVG,TMAX,TMIN
USW00023272,"SAN FRANCISCO DOWNTOWN, CA US",1/1/2014,,63,44
USW00023272,"SAN FRANCISCO DOWNTOWN, CA US",1/2/2014,,63,48
USW00023272,"SAN FRANCISCO DOWNTOWN, CA US",1/3/2014,,64,49
USW00023272,"SAN FRANCISCO DOWNTOWN, CA US",1/4/2014,,66,46
USW00023272,"SAN FRANCISCO DOWNTOWN, CA US",1/5/2014,,66,48
USW00023272,"SAN FRANCISCO DOWNTOWN, CA US",1/6/2014,,60,48
USW00023272,"SAN FRANCISCO DOWNTOWN, CA US",1/7/2014,,61,49
USW00023272,"SAN FRANCISCO DOWNTOWN, CA US",1/8/2014,,56,50
USW00023272,"SAN FRANCISCO DOWNTOWN, CA US",1/9/2014,,56,50
USW00023272,"SAN FRANCISCO DOWNTOWN, CA US",1/10/2014,,62,48
USW00023272,"SAN FRANCISCO DOWNTOWN, CA US",1/11/2014,,55,47
USW00023272,"SAN FRANCISCO DOWNTOWN, CA US",1/12/2014,,59,47
USW00023272,"SAN FRANCISCO DOWNTOWN, CA US",1/13/2014,,67,47
USW00023272,"SAN FRANCISCO DOWNTOWN, CA US",1/14/2014,,68,49
USW00023272,"SAN FRANCISCO DOWNTOWN, CA US",1/15/2014,,71,52
USW00023272,"SAN FRANCISCO DOWNTOWN, CA US",1/16/2014,,72,51
USW00023272,"SAN FRANCISCO DOWNTOWN, CA US",1/17/2014,,67,50
USW00023272,"SAN FRANCISCO DOWNTOWN, CA US",1/18/2014,,69,49
USW00023272,"SAN FRANCISCO DOWNTOWN, CA US",1/19/2014,,65,50
USW00023272,"SAN FRANCISCO DOWNTOWN, CA US",1/20/2014,,69,48
USW00023272,"SAN FRANCISCO DOWNTOWN, CA US",1/21/2014,,66,49
USW00023272,"SAN FRANCISCO DOWNTOWN, CA US",1/22/2014,,69,48
USW00023272,"SAN FRANCISCO DOWNTOWN, CA US",1/23/2014,,68,48
USW00023272,"SAN FRANCISCO DOWNTOWN, CA US",1/24/2014,,65,49
USW00023272,"SAN FRANCISCO DOWNTOWN, CA US",1/25/2014,,71,50
USW00023272,"SAN FRANCISCO DOWNTOWN, CA US",1/26/2014,,70,49
USW00023272,"SAN FRANCISCO DOWNTOWN, CA US",1/27/2014,,58,48
USW00023272,"SAN FRANCISCO DOWNTOWN, CA US",1/28/2014,,63,52
USW00023272,"SAN FRANCISCO DOWNTOWN, CA US",1/29/2014,,61,54
USW00023272,"SAN FRANCISCO DOWNTOWN, CA US",1/30/2014,,56,51
USW00023272,"SAN FRANCISCO DOWNTOWN, CA US",1/31/2014,,58,48
USW00023272,"SAN FRANCISCO DOWNTOWN, CA US",2/1/2014,,57,44
USW00023272,"SAN FRANCISCO DOWNTOWN, CA US",2/2/2014,,50,45
USW00023272,"SAN FRANCISCO DOWNTOWN, CA US",2/3/2014,,54,44
USW00023272,"SAN FRANCISCO DOWNTOWN, CA US",2/4/2014,,53,44
USW00023272,"SAN FRANCISCO DOWNTOWN, CA US",2/5/2014,,53,42
USW00023272,"SAN FRANCISCO DOWNTOWN, CA US",2/6/2014,,52,46
USW00023272,"SAN FRANCISCO DOWNTOWN, CA US",2/7/2014,,55,51
USW00023272,"SAN FRANCISCO DOWNTOWN, CA US",2/8/2014,,58,52
USW00023272,"SAN FRANCISCO DOWNTOWN, CA US",2/9/2014,,58,56
USW00023272,"SAN FRANCISCO DOWNTOWN, CA US",2/10/2014,,58,52
USW00023272,"SAN FRANCISCO DOWNTOWN, CA US",2/11/2014,,58,49
USW00023272,"SAN FRANCISCO DOWNTOWN, CA US",2/12/2014,,58,48
USW00023272,"SAN FRANCISCO DOWNTOWN, CA US",2/13/2014,,66,51
USW00023272,"SAN FRANCISCO DOWNTOWN, CA US",2/14/2014,,62,54
USW00023272,"SAN FRANCISCO DOWNTOWN, CA US",2/15/2014,,59,53
USW00023272,"SAN FRANCISCO DOWNTOWN, CA US",2/16/2014,,61,49
USW00023272,"SAN FRANCISCO DOWNTOWN, CA US",2/17/2014,,59,47
USW00023272,"SAN FRANCISCO DOWNTOWN, CA US",2/18/2014,,61,49
USW00023272,"SAN FRANCISCO DOWNTOWN, CA US",2/19/2014,,59,51
USW00023272,"SAN FRANCISCO DOWNTOWN, CA US",2/20/2014,,66,49
USW00023272,"SAN FRANCISCO DOWNTOWN, CA US",2/21/2014,,69,49
USW00023272,"SAN FRANCISCO DOWNTOWN, CA US",2/22/2014,,64,49
USW00023272,"SAN FRANCISCO DOWNTOWN, CA US",2/23/2014,,63,49
USW00023272,"SAN FRANCISCO DOWNTOWN, CA US",2/24/2014,,69,48
USW00023272,"SAN FRANCISCO DOWNTOWN, CA US",2/25/2014,,61,49
USW00023272,"SAN FRANCISCO DOWNTOWN, CA US",2/26/2014,,58,54
USW00023272,"SAN FRANCISCO DOWNTOWN, CA US",2/27/2014,,64,54
USW00023272,"SAN FRANCISCO DOWNTOWN, CA US",2/28/2014,,61,54
USW00023272,"SAN FRANCISCO DOWNTOWN, CA US",3/1/2014,,65,54
USW00023272,"SAN FRANCISCO DOWNTOWN, CA US",3/2/2014,,59,53
USW00023272,"SAN FRANCISCO DOWNTOWN, CA US",3/3/2014,,60,52
USW00023272,"SAN FRANCISCO DOWNTOWN, CA US",3/4/2014,,61,53
USW00023272,"SAN FRANCISCO DOWNTOWN, CA US",3/5/2014,,67,54
USW00023272,"SAN FRANCISCO DOWNTOWN, CA US",3/6/2014,,63,53
USW00023272,"SAN FRANCISCO DOWNTOWN, CA US",3/7/2014,,63,50
USW00023272,"SAN FRANCISCO DOWNTOWN, CA US",3/8/2014,,71,50
USW00023272,"SAN FRANCISCO DOWNTOWN, CA US",3/9/2014,,69,58
USW00023272,"SAN FRANCISCO DOWNTOWN, CA US",3/10/2014,,66,54
USW00023272,"SAN FRANCISCO DOWNTOWN, CA US",3/11/2014,,71,56
USW00023272,"SAN FRANCISCO DOWNTOWN, CA US",3/12/2014,,73,59
USW00023272,"SAN FRANCISCO DOWNTOWN, CA US",3/13/2014,,72,53
USW00023272,"SAN FRANCISCO DOWNTOWN, CA US",3/14/2014,,66,53
USW00023272,"SAN FRANCISCO DOWNTOWN, CA US",3/15/2014,,76,53
USW00023272,"SAN FRANCISCO DOWNTOWN, CA US",3/16/2014,,66,50
USW00023272,"SAN FRANCISCO DOWNTOWN, CA US",3/17/2014,,64,51
USW00023272,"SAN FRANCISCO DOWNTOWN, CA US",3/18/2014,,69,50
USW00023272,"SAN FRANCISCO DOWNTOWN, CA US",3/19/2014,,72,51
USW00023272,"SAN FRANCISCO DOWNTOWN, CA US",3/20/2014,,64,50
USW00023272,"SAN FRANCISCO DOWNTOWN, CA US",3/21/2014,,61,50
USW00023272,"SAN FRANCISCO DOWNTOWN, CA US",3/22/2014,,62,49
USW00023272,"SAN FRANCISCO DOWNTOWN, CA US",3/23/2014,,60,49
USW00023272,"SAN FRANCISCO DOWNTOWN, CA US",3/24/2014,,63,48
USW00023272,"SAN FRANCISCO DOWNTOWN, CA US",3/25/2014,,60,50
USW00023272,"SAN FRANCISCO DOWNTOWN, CA US",3/26/2014,,59,51
USW00023272,"SAN FRANCISCO DOWNTOWN, CA US",3/27/2014,,63,53
USW00023272,"SAN FRANCISCO DOWNTOWN, CA US",3/28/2014,,67,54
USW00023272,"SAN FRANCISCO DOWNTOWN, CA US",3/29/2014,,59,51
USW00023272,"SAN FRANCISCO DOWNTOWN, CA US",3/30/2014,,59,50
USW00023272,"SAN FRANCISCO DOWNTOWN, CA US",3/31/2014,,56,47
USW00023272,"SAN FRANCISCO DOWNTOWN, CA US",4/1/2014,,57,46
USW00023272,"SAN FRANCISCO DOWNTOWN, CA US",4/2/2014,,59,46
USW00023272,"SAN FRANCISCO DOWNTOWN, CA US",4/3/2014,,60,50
USW00023272,"SAN FRANCISCO DOWNTOWN, CA US",4/4/2014,,58,50
USW00023272,"SAN FRANCISCO DOWNTOWN, CA US",4/5/2014,,61,49
USW00023272,"SAN FRANCISCO DOWNTOWN, CA US",4/6/2014,,71,51
USW00023272,"SAN FRANCISCO DOWNTOWN, CA US",4/7/2014,,80,56
USW00023272,"SAN FRANCISCO DOWNTOWN, CA US",4/8/2014,,75,52
USW00023272,"SAN FRANCISCO DOWNTOWN, CA US",4/9/2014,,59,50
USW00023272,"SAN FRANCISCO DOWNTOWN, CA US",4/10/2014,,68,49
USW00023272,"SAN FRANCISCO DOWNTOWN, CA US",4/11/2014,,60,51
USW00023272,"SAN FRANCISCO DOWNTOWN, CA US",4/12/2014,,61,53
USW00023272,"SAN FRANCISCO DOWNTOWN, CA US",4/13/2014,,63,52
USW00023272,"SAN FRANCISCO DOWNTOWN, CA US",4/14/2014,,65,52
USW00023272,"SAN FRANCISCO DOWNTOWN, CA US",4/15/2014,,64,52
USW00023272,"SAN FRANCISCO DOWNTOWN, CA US",4/16/2014,,68,51
USW00023272,"SAN FRANCISCO DOWNTOWN, CA US",4/17/2014,,63,53
USW00023272,"SAN FRANCISCO DOWNTOWN, CA US",4/18/2014,,60,51
USW00023272,"SAN FRANCISCO DOWNTOWN, CA US",4/19/2014,,60,50
USW00023272,"SAN FRANCISCO DOWNTOWN, CA US",4/20/2014,,75,51
USW00023272,"SAN FRANCISCO DOWNTOWN, CA US",4/21/2014,,63,51
USW00023272,"SAN FRANCISCO DOWNTOWN, CA US",4/22/2014,,59,50
USW00023272,"SAN FRANCISCO DOWNTOWN, CA US",4/23/2014,,61,50
USW00023272,"SAN FRANCISCO DOWNTOWN, CA US",4/24/2014,,61,53
USW00023272,"SAN FRANCISCO DOWNTOWN, CA US",4/25/2014,,56,50
USW00023272,"SAN FRANCISCO DOWNTOWN, CA US",4/26/2014,,58,47
USW00023272,"SAN FRANCISCO DOWNTOWN, CA US",4/27/2014,,61,50
USW00023272,"SAN FRANCISCO DOWNTOWN, CA US",4/28/2014,,66,50
USW00023272,"SAN FRANCISCO DOWNTOWN, CA US",4/29/2014,,81,54
USW00023272,"SAN FRANCISCO DOWNTOWN, CA US",4/30/2014,,90,60
USW00023272,"SAN FRANCISCO DOWNTOWN, CA US",5/1/2014,,84,62
USW00023272,"SAN FRANCISCO DOWNTOWN, CA US",5/2/2014,,66,52
USW00023272,"SAN FRANCISCO DOWNTOWN, CA US",5/3/2014,,62,52
USW00023272,"SAN FRANCISCO DOWNTOWN, CA US",5/4/2014,,65,54
USW00023272,"SAN FRANCISCO DOWNTOWN, CA US",5/5/2014,,62,53
USW00023272,"SAN FRANCISCO DOWNTOWN, CA US",5/6/2014,,66,51
USW00023272,"SAN FRANCISCO DOWNTOWN, CA US",5/7/2014,,62,50
USW00023272,"SAN FRANCISCO DOWNTOWN, CA US",5/8/2014,,63,52
USW00023272,"SAN FRANCISCO DOWNTOWN, CA US",5/9/2014,,63,52
USW00023272,"SAN FRANCISCO DOWNTOWN, CA US",5/10/2014,,62,51
USW00023272,"SAN FRANCISCO DOWNTOWN, CA US",5/11/2014,,73,53
USW00023272,"SAN FRANCISCO DOWNTOWN, CA US",5/12/2014,,81,52
USW00023272,"SAN FRANCISCO DOWNTOWN, CA US",5/13/2014,,90,59
USW00023272,"SAN FRANCISCO DOWNTOWN, CA US",5/14/2014,,88,64
USW00023272,"SAN FRANCISCO DOWNTOWN, CA US",5/15/2014,,75,56
USW00023272,"SAN FRANCISCO DOWNTOWN, CA US",5/16/2014,,65,53
USW00023272,"SAN FRANCISCO DOWNTOWN, CA US",5/17/2014,,61,53
USW00023272,"SAN FRANCISCO DOWNTOWN, CA US",5/18/2014,,63,53
USW00023272,"SAN FRANCISCO DOWNTOWN, CA US",5/19/2014,,62,53
USW00023272,"SAN FRANCISCO DOWNTOWN, CA US",5/20/2014,,64,53
USW00023272,"SAN FRANCISCO DOWNTOWN, CA US",5/21/2014,,67,52
USW00023272,"SAN FRANCISCO DOWNTOWN, CA US",5/22/2014,,65,51
USW00023272,"SAN FRANCISCO DOWNTOWN, CA US",5/23/2014,,63,51
USW00023272,"SAN FRANCISCO DOWNTOWN, CA US",5/24/2014,,62,52
USW00023272,"SAN FRANCISCO DOWNTOWN, CA US",5/25/2014,,70,52
USW00023272,"SAN FRANCISCO DOWNTOWN, CA US",5/26/2014,,67,52
USW00023272,"SAN FRANCISCO DOWNTOWN, CA US",5/27/2014,,65,51
USW00023272,"SAN FRANCISCO DOWNTOWN, CA US",5/28/2014,,67,52
USW00023272,"SAN FRANCISCO DOWNTOWN, CA US",5/29/2014,,72,52
USW00023272,"SAN FRANCISCO DOWNTOWN, CA US",5/30/2014,,58,51
USW00023272,"SAN FRANCISCO DOWNTOWN, CA US",5/31/2014,,64,50
USW00023272,"SAN FRANCISCO DOWNTOWN, CA US",6/1/2014,,64,51
USW00023272,"SAN FRANCISCO DOWNTOWN, CA US",6/2/2014,,60,51
USW00023272,"SAN FRANCISCO DOWNTOWN, CA US",6/3/2014,,63,51
USW00023272,"SAN FRANCISCO DOWNTOWN, CA US",6/4/2014,,67,51
USW00023272,"SAN FRANCISCO DOWNTOWN, CA US",6/5/2014,,62,51
USW00023272,"SAN FRANCISCO DOWNTOWN, CA US",6/6/2014,,63,52
USW00023272,"SAN FRANCISCO DOWNTOWN, CA US",6/7/2014,,66,52
USW00023272,"SAN FRANCISCO DOWNTOWN, CA US",6/8/2014,,78,51
USW00023272,"SAN FRANCISCO DOWNTOWN, CA US",6/9/2014,,69,56
USW00023272,"SAN FRANCISCO DOWNTOWN, CA US",6/10/2014,,64,55
USW00023272,"SAN FRANCISCO DOWNTOWN, CA US",6/11/2014,,64,54
USW00023272,"SAN FRANCISCO DOWNTOWN, CA US",6/12/2014,,62,52
USW00023272,"SAN FRANCISCO DOWNTOWN, CA US",6/13/2014,,70,54
USW00023272,"SAN FRANCISCO DOWNTOWN, CA US",6/14/2014,,75,54
USW00023272,"SAN FRANCISCO DOWNTOWN, CA US",6/15/2014,,64,53
USW00023272,"SAN FRANCISCO DOWNTOWN, CA US",6/16/2014,,60,52
USW00023272,"SAN FRANCISCO DOWNTOWN, CA US",6/17/2014,,67,51
USW00023272,"SAN FRANCISCO DOWNTOWN, CA US",6/18/2014,,78,53
USW00023272,"SAN FRANCISCO DOWNTOWN, CA US",6/19/2014,,65,53
USW00023272,"SAN FRANCISCO DOWNTOWN, CA US",6/20/2014,,71,53
USW00023272,"SAN FRANCISCO DOWNTOWN, CA US",6/21/2014,,60,53
USW00023272,"SAN FRANCISCO DOWNTOWN, CA US",6/22/2014,,62,52
USW00023272,"SAN FRANCISCO DOWNTOWN, CA US",6/23/2014,,67,52
USW00023272,"SAN FRANCISCO DOWNTOWN, CA US",6/24/2014,,66,55
USW00023272,"SAN FRANCISCO DOWNTOWN, CA US",6/25/2014,,62,54
USW00023272,"SAN FRANCISCO DOWNTOWN, CA US",6/26/2014,,65,55
USW00023272,"SAN FRANCISCO DOWNTOWN, CA US",6/27/2014,,67,55
USW00023272,"SAN FRANCISCO DOWNTOWN, CA US",6/28/2014,,68,54
USW00023272,"SAN FRANCISCO DOWNTOWN, CA US",6/29/2014,,73,55
USW00023272,"SAN FRANCISCO DOWNTOWN, CA US",6/30/2014,,73,56
USW00023272,"SAN FRANCISCO DOWNTOWN, CA US",7/1/2014,,65,55
USW00023272,"SAN FRANCISCO DOWNTOWN, CA US",7/2/2014,,65,54
USW00023272,"SAN FRANCISCO DOWNTOWN, CA US",7/3/2014,,65,54
USW00023272,"SAN FRANCISCO DOWNTOWN, CA US",7/4/2014,,62,54
USW00023272,"SAN FRANCISCO DOWNTOWN, CA US",7/5/2014,,65,54
USW00023272,"SAN FRANCISCO DOWNTOWN, CA US",7/6/2014,,66,53
USW00023272,"SAN FRANCISCO DOWNTOWN, CA US",7/7/2014,,68,54
USW00023272,"SAN FRANCISCO DOWNTOWN, CA US",7/8/2014,,64,55
USW00023272,"SAN FRANCISCO DOWNTOWN, CA US",7/9/2014,,68,57
USW00023272,"SAN FRANCISCO DOWNTOWN, CA US",7/10/2014,,68,57
USW00023272,"SAN FRANCISCO DOWNTOWN, CA US",7/11/2014,,68,57
USW00023272,"SAN FRANCISCO DOWNTOWN, CA US",7/12/2014,,64,55
USW00023272,"SAN FRANCISCO DOWNTOWN, CA US",7/13/2014,,67,54
USW00023272,"SAN FRANCISCO DOWNTOWN, CA US",7/14/2014,,72,57
USW00023272,"SAN FRANCISCO DOWNTOWN, CA US",7/15/2014,,73,56
USW00023272,"SAN FRANCISCO DOWNTOWN, CA US",7/16/2014,,70,59
USW00023272,"SAN FRANCISCO DOWNTOWN, CA US",7/17/2014,,68,60
USW00023272,"SAN FRANCISCO DOWNTOWN, CA US",7/18/2014,,68,59
USW00023272,"SAN FRANCISCO DOWNTOWN, CA US",7/19/2014,,68,59
USW00023272,"SAN FRANCISCO DOWNTOWN, CA US",7/20/2014,,67,58
USW00023272,"SAN FRANCISCO DOWNTOWN, CA US",7/21/2014,,70,61
USW00023272,"SAN FRANCISCO DOWNTOWN, CA US",7/22/2014,,72,61
USW00023272,"SAN FRANCISCO DOWNTOWN, CA US",7/23/2014,,71,62
USW00023272,"SAN FRANCISCO DOWNTOWN, CA US",7/24/2014,,75,59
USW00023272,"SAN FRANCISCO DOWNTOWN, CA US",7/25/2014,,85,60
USW00023272,"SAN FRANCISCO DOWNTOWN, CA US",7/26/2014,,72,59
USW00023272,"SAN FRANCISCO DOWNTOWN, CA US",7/27/2014,,69,59
USW00023272,"SAN FRANCISCO DOWNTOWN, CA US",7/28/2014,,67,58
USW00023272,"SAN FRANCISCO DOWNTOWN, CA US",7/29/2014,,67,57
USW00023272,"SAN FRANCISCO DOWNTOWN, CA US",7/30/2014,,67,56
USW00023272,"SAN FRANCISCO DOWNTOWN, CA US",7/31/2014,,66,56
USW00023272,"SAN FRANCISCO DOWNTOWN, CA US",8/1/2014,,65,57
USW00023272,"SAN FRANCISCO DOWNTOWN, CA US",8/2/2014,,62,56
USW00023272,"SAN FRANCISCO DOWNTOWN, CA US",8/3/2014,,64,57
USW00023272,"SAN FRANCISCO DOWNTOWN, CA US",8/4/2014,,68,57
USW00023272,"SAN FRANCISCO DOWNTOWN, CA US",8/5/2014,,69,59
USW00023272,"SAN FRANCISCO DOWNTOWN, CA US",8/6/2014,,71,58
USW00023272,"SAN FRANCISCO DOWNTOWN, CA US",8/7/2014,,64,57
USW00023272,"SAN FRANCISCO DOWNTOWN, CA US",8/8/2014,,68,57
USW00023272,"SAN FRANCISCO DOWNTOWN, CA US",8/9/2014,,60,56
USW00023272,"SAN FRANCISCO DOWNTOWN, CA US",8/10/2014,,68,57
USW00023272,"SAN FRANCISCO DOWNTOWN, CA US",8/11/2014,,69,59
USW00023272,"SAN FRANCISCO DOWNTOWN, CA US",8/12/2014,,70,59
USW00023272,"SAN FRANCISCO DOWNTOWN, CA US",8/13/2014,,69,58
USW00023272,"SAN FRANCISCO DOWNTOWN, CA US",8/14/2014,,68,57
USW00023272,"SAN FRANCISCO DOWNTOWN, CA US",8/15/2014,,69,58
USW00023272,"SAN FRANCISCO DOWNTOWN, CA US",8/16/2014,,67,58
USW00023272,"SAN FRANCISCO DOWNTOWN, CA US",8/17/2014,,67,56
USW00023272,"SAN FRANCISCO DOWNTOWN, CA US",8/18/2014,,62,57
USW00023272,"SAN FRANCISCO DOWNTOWN, CA US",8/19/2014,,68,58
USW00023272,"SAN FRANCISCO DOWNTOWN, CA US",8/20/2014,,67,60
USW00023272,"SAN FRANCISCO DOWNTOWN, CA US",8/21/2014,,69,59
USW00023272,"SAN FRANCISCO DOWNTOWN, CA US",8/22/2014,,68,59
USW00023272,"SAN FRANCISCO DOWNTOWN, CA US",8/23/2014,,70,60
USW00023272,"SAN FRANCISCO DOWNTOWN, CA US",8/24/2014,,69,59
USW00023272,"SAN FRANCISCO DOWNTOWN, CA US",8/25/2014,,68,61
USW00023272,"SAN FRANCISCO DOWNTOWN, CA US",8/26/2014,,69,60
USW00023272,"SAN FRANCISCO DOWNTOWN, CA US",8/27/2014,,69,59
USW00023272,"SAN FRANCISCO DOWNTOWN, CA US",8/28/2014,,68,59
USW00023272,"SAN FRANCISCO DOWNTOWN, CA US",8/29/2014,,69,58
USW00023272,"SAN FRANCISCO DOWNTOWN, CA US",8/30/2014,,71,60
USW00023272,"SAN FRANCISCO DOWNTOWN, CA US",8/31/2014,,71,59
USW00023272,"SAN FRANCISCO DOWNTOWN, CA US",9/1/2014,,74,59
USW00023272,"SAN FRANCISCO DOWNTOWN, CA US",9/2/2014,,65,58
USW00023272,"SAN FRANCISCO DOWNTOWN, CA US",9/3/2014,,69,59
USW00023272,"SAN FRANCISCO DOWNTOWN, CA US",9/4/2014,,69,59
USW00023272,"SAN FRANCISCO DOWNTOWN, CA US",9/5/2014,,68,59
USW00023272,"SAN FRANCISCO DOWNTOWN, CA US",9/6/2014,,67,59
USW00023272,"SAN FRANCISCO DOWNTOWN, CA US",9/7/2014,,66,57
USW00023272,"SAN FRANCISCO DOWNTOWN, CA US",9/8/2014,,64,57
USW00023272,"SAN FRANCISCO DOWNTOWN, CA US",9/9/2014,,66,57
USW00023272,"SAN FRANCISCO DOWNTOWN, CA US",9/10/2014,,80,57
USW00023272,"SAN FRANCISCO DOWNTOWN, CA US",9/11/2014,,78,56
USW00023272,"SAN FRANCISCO DOWNTOWN, CA US",9/12/2014,,68,56
USW00023272,"SAN FRANCISCO DOWNTOWN, CA US",9/13/2014,,68,56
USW00023272,"SAN FRANCISCO DOWNTOWN, CA US",9/14/2014,,70,58
USW00023272,"SAN FRANCISCO DOWNTOWN, CA US",9/15/2014,,71,60
USW00023272,"SAN FRANCISCO DOWNTOWN, CA US",9/16/2014,,75,60
USW00023272,"SAN FRANCISCO DOWNTOWN, CA US",9/17/2014,,74,62
USW00023272,"SAN FRANCISCO DOWNTOWN, CA US",9/18/2014,,74,62
USW00023272,"SAN FRANCISCO DOWNTOWN, CA US",9/19/2014,,68,62
USW00023272,"SAN FRANCISCO DOWNTOWN, CA US",9/20/2014,,66,61
USW00023272,"SAN FRANCISCO DOWNTOWN, CA US",9/21/2014,,67,62
USW00023272,"SAN FRANCISCO DOWNTOWN, CA US",9/22/2014,,71,62
USW00023272,"SAN FRANCISCO DOWNTOWN, CA US",9/23/2014,,70,61
USW00023272,"SAN FRANCISCO DOWNTOWN, CA US",9/24/2014,,75,62
USW00023272,"SAN FRANCISCO DOWNTOWN, CA US",9/25/2014,,71,58
USW00023272,"SAN FRANCISCO DOWNTOWN, CA US",9/26/2014,,70,61
USW00023272,"SAN FRANCISCO DOWNTOWN, CA US",9/27/2014,,70,60
USW00023272,"SAN FRANCISCO DOWNTOWN, CA US",9/28/2014,,69,60
USW00023272,"SAN FRANCISCO DOWNTOWN, CA US",9/29/2014,,65,57
USW00023272,"SAN FRANCISCO DOWNTOWN, CA US",9/30/2014,,69,58
USW00023272,"SAN FRANCISCO DOWNTOWN, CA US",10/1/2014,,82,59
USW00023272,"SAN FRANCISCO DOWNTOWN, CA US",10/2/2014,,88,60
USW00023272,"SAN FRANCISCO DOWNTOWN, CA US",10/3/2014,,92,65
USW00023272,"SAN FRANCISCO DOWNTOWN, CA US",10/4/2014,,91,63
USW00023272,"SAN FRANCISCO DOWNTOWN, CA US",10/5/2014,,82,57
USW00023272,"SAN FRANCISCO DOWNTOWN, CA US",10/6/2014,,73,55
USW00023272,"SAN FRANCISCO DOWNTOWN, CA US",10/7/2014,,66,55
USW00023272,"SAN FRANCISCO DOWNTOWN, CA US",10/8/2014,,66,55
USW00023272,"SAN FRANCISCO DOWNTOWN, CA US",10/9/2014,,62,56
USW00023272,"SAN FRANCISCO DOWNTOWN, CA US",10/10/2014,,64,56
USW00023272,"SAN FRANCISCO DOWNTOWN, CA US",10/11/2014,,71,55
USW00023272,"SAN FRANCISCO DOWNTOWN, CA US",10/12/2014,,85,58
USW00023272,"SAN FRANCISCO DOWNTOWN, CA US",10/13/2014,,79,59
USW00023272,"SAN FRANCISCO DOWNTOWN, CA US",10/14/2014,,68,58
USW00023272,"SAN FRANCISCO DOWNTOWN, CA US",10/15/2014,,70,59
USW00023272,"SAN FRANCISCO DOWNTOWN, CA US",10/16/2014,,68,56
USW00023272,"SAN FRANCISCO DOWNTOWN, CA US",10/17/2014,,74,57
USW00023272,"SAN FRANCISCO DOWNTOWN, CA US",10/18/2014,,76,63
USW00023272,"SAN FRANCISCO DOWNTOWN, CA US",10/19/2014,,70,58
USW00023272,"SAN FRANCISCO DOWNTOWN, CA US",10/20/2014,,67,59
USW00023272,"SAN FRANCISCO DOWNTOWN, CA US",10/21/2014,,67,55
USW00023272,"SAN FRANCISCO DOWNTOWN, CA US",10/22/2014,,70,56
USW00023272,"SAN FRANCISCO DOWNTOWN, CA US",10/23/2014,,71,60
USW00023272,"SAN FRANCISCO DOWNTOWN, CA US",10/24/2014,,68,58
USW00023272,"SAN FRANCISCO DOWNTOWN, CA US",10/25/2014,,69,59
USW00023272,"SAN FRANCISCO DOWNTOWN, CA US",10/26/2014,,67,55
USW00023272,"SAN FRANCISCO DOWNTOWN, CA US",10/27/2014,,66,54
USW00023272,"SAN FRANCISCO DOWNTOWN, CA US",10/28/2014,,69,55
USW00023272,"SAN FRANCISCO DOWNTOWN, CA US",10/29/2014,,79,57
USW00023272,"SAN FRANCISCO DOWNTOWN, CA US",10/30/2014,,71,61
USW00023272,"SAN FRANCISCO DOWNTOWN, CA US",10/31/2014,,62,57
USW00023272,"SAN FRANCISCO DOWNTOWN, CA US",11/1/2014,,64,55
USW00023272,"SAN FRANCISCO DOWNTOWN, CA US",11/2/2014,,64,53
USW00023272,"SAN FRANCISCO DOWNTOWN, CA US",11/3/2014,,68,52
USW00023272,"SAN FRANCISCO DOWNTOWN, CA US",11/4/2014,,69,54
USW00023272,"SAN FRANCISCO DOWNTOWN, CA US",11/5/2014,,75,57
USW00023272,"SAN FRANCISCO DOWNTOWN, CA US",11/6/2014,,73,57
USW00023272,"SAN FRANCISCO DOWNTOWN, CA US",11/7/2014,,67,56
USW00023272,"SAN FRANCISCO DOWNTOWN, CA US",11/8/2014,,76,56
USW00023272,"SAN FRANCISCO DOWNTOWN, CA US",11/9/2014,,72,54
USW00023272,"SAN FRANCISCO DOWNTOWN, CA US",11/10/2014,,62,54
USW00023272,"SAN FRANCISCO DOWNTOWN, CA US",11/11/2014,,64,57
USW00023272,"SAN FRANCISCO DOWNTOWN, CA US",11/12/2014,,65,56
USW00023272,"SAN FRANCISCO DOWNTOWN, CA US",11/13/2014,,63,55
USW00023272,"SAN FRANCISCO DOWNTOWN, CA US",11/14/2014,,65,55
USW00023272,"SAN FRANCISCO DOWNTOWN, CA US",11/15/2014,,65,53
USW00023272,"SAN FRANCISCO DOWNTOWN, CA US",11/16/2014,,63,56
USW00023272,"SAN FRANCISCO DOWNTOWN, CA US",11/17/2014,,66,52
USW00023272,"SAN FRANCISCO DOWNTOWN, CA US",11/18/2014,,64,53
USW00023272,"SAN FRANCISCO DOWNTOWN, CA US",11/19/2014,,61,55
USW00023272,"SAN FRANCISCO DOWNTOWN, CA US",11/20/2014,,58,54
USW00023272,"SAN FRANCISCO DOWNTOWN, CA US",11/21/2014,,61,54
USW00023272,"SAN FRANCISCO DOWNTOWN, CA US",11/22/2014,,64,56
USW00023272,"SAN FRANCISCO DOWNTOWN, CA US",11/23/2014,,65,51
USW00023272,"SAN FRANCISCO DOWNTOWN, CA US",11/24/2014,,66,50
USW00023272,"SAN FRANCISCO DOWNTOWN, CA US",11/25/2014,,65,52
USW00023272,"SAN FRANCISCO DOWNTOWN, CA US",11/26/2014,,68,53
USW00023272,"SAN FRANCISCO DOWNTOWN, CA US",11/27/2014,,67,53
USW00023272,"SAN FRANCISCO DOWNTOWN, CA US",11/28/2014,,63,49
USW00023272,"SAN FRANCISCO DOWNTOWN, CA US",11/29/2014,,65,55
USW00023272,"SAN FRANCISCO DOWNTOWN, CA US",11/30/2014,,60,54
USW00023272,"SAN FRANCISCO DOWNTOWN, CA US",12/1/2014,,65,57
USW00023272,"SAN FRANCISCO DOWNTOWN, CA US",12/2/2014,,61,55
USW00023272,"SAN FRANCISCO DOWNTOWN, CA US",12/3/2014,,64,57
USW00023272,"SAN FRANCISCO DOWNTOWN, CA US",12/4/2014,,66,57
USW00023272,"SAN FRANCISCO DOWNTOWN, CA US",12/5/2014,,64,57
USW00023272,"SAN FRANCISCO DOWNTOWN, CA US",12/6/2014,,66,58
USW00023272,"SAN FRANCISCO DOWNTOWN, CA US",12/7/2014,,63,57
USW00023272,"SAN FRANCISCO DOWNTOWN, CA US",12/8/2014,,68,57
USW00023272,"SAN FRANCISCO DOWNTOWN, CA US",12/9/2014,,63,58
USW00023272,"SAN FRANCISCO DOWNTOWN, CA US",12/10/2014,,64,57
USW00023272,"SAN FRANCISCO DOWNTOWN, CA US",12/11/2014,,64,50
USW00023272,"SAN FRANCISCO DOWNTOWN, CA US",12/12/2014,,57,49
USW00023272,"SAN FRANCISCO DOWNTOWN, CA US",12/13/2014,,56,50
USW00023272,"SAN FRANCISCO DOWNTOWN, CA US",12/14/2014,,59,50
USW00023272,"SAN FRANCISCO DOWNTOWN, CA US",12/15/2014,,55,50
USW00023272,"SAN FRANCISCO DOWNTOWN, CA US",12/16/2014,,61,50
USW00023272,"SAN FRANCISCO DOWNTOWN, CA US",12/17/2014,,58,50
USW00023272,"SAN FRANCISCO DOWNTOWN, CA US",12/18/2014,,60,50
USW00023272,"SAN FRANCISCO DOWNTOWN, CA US",12/19/2014,,57,54
USW00023272,"SAN FRANCISCO DOWNTOWN, CA US",12/20/2014,,61,55
USW00023272,"SAN FRANCISCO DOWNTOWN, CA US",12/21/2014,,62,57
USW00023272,"SAN FRANCISCO DOWNTOWN, CA US",12/22/2014,,64,54
USW00023272,"SAN FRANCISCO DOWNTOWN, CA US",12/23/2014,,68,53
USW00023272,"SAN FRANCISCO DOWNTOWN, CA US",12/24/2014,,61,49
USW00023272,"SAN FRANCISCO DOWNTOWN, CA US",12/25/2014,,57,47
USW00023272,"SAN FRANCISCO DOWNTOWN, CA US",12/26/2014,,58,48
USW00023272,"SAN FRANCISCO DOWNTOWN, CA US",12/27/2014,,55,45
USW00023272,"SAN FRANCISCO DOWNTOWN, CA US",12/28/2014,,57,45
USW00023272,"SAN FRANCISCO DOWNTOWN, CA US",12/29/2014,,54,46
USW00023272,"SAN FRANCISCO DOWNTOWN, CA US",12/30/2014,,53,45
USW00023272,"SAN FRANCISCO DOWNTOWN, CA US",12/31/2014,,57,45
